rows,os,page,total,projects_curr_total_commitment,projects_curr_ibrd_commitment,projects_curr_ida_commitment,projects_id,projects_regionname,projects_countryname,projects_prodline,projects_lendinginstr,projects_lendinginstrtype,projects_supplementprojectflg,projects_projectstatusdisplay,projects_project_name,projects_board_approval_month,projects_totalamt,projects_borrower,projects_impagency,projects_countrycode,projects_countryshortname,projects_p2a_updated_date,projects_sector1_Name,projects_sector1_Percent,projects_theme1,projects_totalcommamt,projects_approvalfy,projects_source,projects_mjthemecode,projects_teamleadname,projects_boardapprovaldate,projects_url,projects_proj_and_ln_country,projects_mjtheme_namecode_name,projects_mjtheme_namecode_code,projects_country_namecode,projects_p2a_flag,projects_prodlinetext,projects_idacommamt,projects_ibrdcommamt,projects_lendprojectcost,projects_status,projects_productlinetype,projects_projectdocs,facets,projects_theme_list_name,projects_theme_list_code,projects_theme_list_seqno,projects_theme_list_percent,projects_theme_list_theme2_name,projects_theme_list_theme2_code,projects_theme_list_theme2_seqno,projects_theme_list_theme2_percent,projects_theme_list_theme2_theme3_name,projects_theme_list_theme2_theme3_code,projects_theme_list_theme2_theme3_seqno,projects_theme_list_theme2_theme3_percent,projects_closingdate,projects_ln_country_id,projects_ln_country_id_desc
100,0,1,22720,314,0,314,P178923,Western and Central Africa,['Western and Central Africa'],PE,Investment Project Financing,IN,N,Active,WAPP Ghana-Cote d'Ivoire Interconnection Project - Phase 1 WA-REMP MPA,December,"314,000,000","Republic of Ghana, Ministry of Energy, Ministry of Oil, Energy and Development of Renewable Energies, Republic of C�te d'Ivoire",West Africa Power Pool (WAPP) Secretariat,['3W'],Western and Central Africa,2024-12-23 00:00:00.0,,0,!$!0,"314,000,000",2025,['IBRD'],7,"Tamaro Kane,Claire Marion Nicolas,Frederic Verdol,Maame Tabuah Ankoh,Tu Chi Nguyen",2024-12-22T00:00:00Z,https://projects.worldbank.org/en/projects-operations/project-detail/P178923,['3W'],,7,415000000!$!3W,Y,IBRD/IDA,"314,000,000",0,"421,000,000",Active,L,[],nil,nil,nil,nil,nil,nil,nil,nil,nil,nil,nil,nil,nil,nil,nil,nil
100,0,1,22720,280,0,280,P176429,South Asia,"[""People's Republic of Bangladesh""]",PE,Investment Project Financing,IN,N,Active,Chattogram Water Supply Improvement Project,December,"280,000,000",People's Republic of Bangladesh,Chattogram Water Supply and Sewerage Authority,['BD'],Bangladesh,2024-12-22 00:00:00.0,,0,!$!0,"280,000,000",2025,['IBRD'],1,"NIL,Arif Ahamed,Harsh Goyal",2024-12-19T00:00:00Z,https://projects.worldbank.org/en/projects-operations/project-detail/P176429,['BD'],,1,391000000!$!BD,Y,IBRD/IDA,"280,000,000",0,"397,000,000",Active,L,[],nil,Environment and Natural Resource Management,80,1,0,Energy,86,2,0,Energy Efficiency,861,3,0,nil,nil,nil
100,0,1,22720,0,0,0,P507508,South Asia,['Republic of India'],PE,Program-for-Results Financing,PR,nil,Active,Amaravati Integrated Urban Development Program,December,0,nil,nil,['IN'],India,2024-12-22 00:00:00.0,,0,!$!0,0,2025,['IBRD'],8,"Balakrishna Menon Parameswaran,Gerald Paul Ollivier",2024-12-19T00:00:00Z,https://projects.worldbank.org/en/projects-operations/project-detail/P507508,['IN'],,8,nil,Y,IBRD/IDA,0,0,0,Active,L,[],nil,nil,nil,nil,nil,nil,nil,nil,nil,nil,nil,nil,nil,nil,nil,nil
100,0,1,22720,500,0,500,P180439,South Asia,"[""People's Republic of Bangladesh""]",PE,Development Policy Lending,AD,N,Active,Second Bangladesh Green and Climate Resilient Development Credit,December,"500,000,000",People's Republic of Bangladesh,"Finance Division, Ministry of Finance",['BD'],Bangladesh,2024-12-22 00:00:00.0,,0,!$!0,"500,000,000",2025,['IBRD'],5,"Ana Luisa Gomes Lima,Souleymane Coulibaly",2024-12-19T00:00:00Z,https://projects.worldbank.org/en/projects-operations/project-detail/P180439,['BD'],,5,0!$!BD,Y,IBRD/IDA,"500,000,000",0,"500,000,000",Active,L,[],nil,nil,nil,nil,nil,nil,nil,nil,nil,nil,nil,nil,nil,1/15/2026 12:00:00 AM,nil,nil
100,0,1,22720,0,0,0,P507116,Eastern and Southern Africa,['Republic of Zambia'],PE,Development Policy Lending,AD,nil,Active,First Zambia Climate and Economic Resilience Programmatic DPF with Cat-DDO,December,0,nil,nil,['ZM'],Zambia,2024-12-20 00:00:00.0,,0,!$!0,0,2025,['IBRD'],8,"Albert Pijuan Sala,Ignacio M. Urrutia Duarte,Jorge Fernando Tudela Pye",2024-12-18T00:00:00Z,https://projects.worldbank.org/en/projects-operations/project-detail/P507116,['ZM'],,8,nil,Y,IBRD/IDA,0,0,0,Active,L,[],nil,nil,nil,nil,nil,nil,nil,nil,nil,nil,nil,nil,nil,12/31/2027 12:00:00 AM,nil,nil
100,0,1,22720,100,0,100,P179138,Western and Central Africa,['Republic of Togo'],PE,Investment Project Financing,IN,N,Active,Togo Digital Acceleration Project,December,"100,000,000",Togolese Republic,Ministry of Digital Economy and Digital Transformation,['TG'],Togo,2024-12-20 00:00:00.0,,0,!$!0,"100,000,000",2025,['IBRD'],7,"Aneliya Muller,Natalija Gelvanovska-Garcia,Xavier Stephane Decoster",2024-12-18T00:00:00Z,https://projects.worldbank.org/en/projects-operations/project-detail/P179138,['TG'],,7,100000000!$!TG,Y,IBRD/IDA,"100,000,000",0,"100,000,000",Active,L,[],nil,nil,nil,nil,nil,nil,nil,nil,nil,nil,nil,nil,nil,nil,nil,nil
100,0,1,22720,0,0,0,P506463,Europe and Central Asia,['Ukraine'],PE,Development Policy Lending,AD,nil,Active,Second Growth Foundations Development Policy Operation,December,0,nil,nil,['UA'],Ukraine,2024-12-19 00:00:00.0,,0,!$!0,0,2025,['IBRD'],10,"Karlis Smits,Florian Michael Blum",2024-12-17T00:00:00Z,https://projects.worldbank.org/en/projects-operations/project-detail/P506463,['UA'],,10,nil,Y,IBRD/IDA,0,0,0,Active,L,[],nil,nil,nil,nil,nil,nil,nil,nil,nil,nil,nil,nil,nil,6/30/2026 12:00:00 AM,nil,nil
100,0,1,22720,187,0,187,P181166,Latin America and Caribbean,['Republic of Honduras'],PE,Investment Project Financing,IN,N,Active,Honduras Sustainable Connectivity Project,December,"187,000,000",nil,nil,['HN'],Honduras,2024-12-20 00:00:00.0,,0,!$!0,"187,000,000",2025,['IBRD'],1,"Eric R. Lancelot,Rohan Shah",2024-12-17T00:00:00Z,https://projects.worldbank.org/en/projects-operations/project-detail/P181166,['HN'],,1,150000000!$!HN,Y,IBRD/IDA,"187,000,000",0,"150,000,000",Active,L,[],nil,nil,nil,nil,nil,nil,nil,nil,nil,nil,nil,nil,nil,nil,nil,nil
100,0,1,22720,86,86,0,P504629,Eastern and Southern Africa,['Republic of the Sudan'],PE,Investment Project Financing,IN,nil,Active,Sudan Health Assistance and Response to Emergencies,December,"86,000,000",nil,nil,['SD'],Sudan,2024-12-16 00:00:00.0,,0,!$!0,"86,000,000",2025,['IBRD'],2,"Amr Elshalakani,Abeyah A. Al-Omair,Moustafa Mohamed ElSayed Mohamed Abdalla",2024-12-13T00:00:00Z,https://projects.worldbank.org/en/projects-operations/project-detail/P504629,['SD'],,2,0!$!SD,Y,IBRD/IDA,0,"86,000,000","86,000,000",Active,L,[],nil,nil,nil,nil,nil,nil,nil,nil,nil,nil,nil,nil,nil,nil,nil,nil
100,0,1,22720,100,100,0,P505963,Eastern and Southern Africa,['Republic of the Sudan'],PE,Investment Project Financing,IN,nil,Active,Sudan SANAD - Emergency Crisis Response Safety Net Project,December,"100,000,000",nil,nil,['SD'],Sudan,2024-12-16 00:00:00.0,,0,!$!0,"100,000,000",2025,['IBRD'],7,"Endashaw Tadesse Gossa,Mohamed Abdel Jelil",2024-12-13T00:00:00Z,https://projects.worldbank.org/en/projects-operations/project-detail/P505963,['SD'],,7,0!$!SD,Y,IBRD/IDA,0,"100,000,000","100,000,000",Active,L,[],nil,nil,nil,nil,nil,nil,nil,nil,nil,nil,nil,nil,nil,nil,nil,nil
100,0,1,22720,0,0,0,P506425,East Asia and Pacific,['Republic of Kiribati'],PE,Investment Project Financing,IN,nil,Active,Kiribati Kiritimati Infrastructure Project,December,0,nil,nil,['KI'],Kiribati,2024-12-16 00:00:00.0,,0,!$!0,0,2025,['IBRD'],11,"Joyce Onguglo,Anita Shrestha,Fiona J Collin",2024-12-13T00:00:00Z,https://projects.worldbank.org/en/projects-operations/project-detail/P506425,['KI'],,11,nil,Y,IBRD/IDA,0,0,0,Active,L,[],nil,nil,nil,nil,nil,nil,nil,nil,nil,nil,nil,nil,nil,3/31/2031 12:00:00 AM,nil,nil
100,0,1,22720,25,0,25,P181310,Western and Central Africa,['Republic of Cabo Verde'],PE,Development Policy Lending,AD,N,Active,Cabo Verde Second Fiscal Space and Sustainable Growth Development Policy Financing,December,"25,000,000",Gilson Pina,nil,['CV'],Cabo Verde,2024-12-16 00:00:00.0,,0,!$!0,"25,000,000",2025,['IBRD'],11,"Anna Carlotta Allen Massingue,Rosa Oteldina Delgado De Brito Delgado",2024-12-12T00:00:00Z,https://projects.worldbank.org/en/projects-operations/project-detail/P181310,['CV'],,11,0!$!CV,Y,IBRD/IDA,"25,000,000",0,"25,000,000",Active,L,[],nil,nil,nil,nil,nil,nil,nil,nil,nil,nil,nil,nil,nil,12/30/2025 12:00:00 AM,nil,nil
100,0,1,22720,240,240,0,P171422,South Asia,['Islamic Republic of Pakistan'],PE,Investment Project Financing,IN,N,Active,Second Karachi Water and Sewerage Services Improvement Project (KWSSIP-2),December,"240,000,000",Islamic Republic of Pakistan,Province of Sindh through the Karachi Water and Sewerage Board (KWSB),['PK'],Pakistan,2024-12-16 00:00:00.0,,0,!$!0,"240,000,000",2025,['IBRD'],5,"Khairy Al-Jamal,Davison Muchadenyika,Tiziana Smith",2024-12-12T00:00:00Z,https://projects.worldbank.org/en/projects-operations/project-detail/P171422,['PK'],,5,997000000!$!PK,Y,IBRD/IDA,0,"240,000,000","997,000,000",Active,L,[],nil,Environment and Natural Resource Management,80,3,0,Water Resource Management,85,9,0,"Water Institutions, Policies and Reform",851,12,0,nil,nil,nil
100,0,1,22720,100,0,100,P178687,South Asia,['Nepal'],PE,Development Policy Lending,AD,N,Active,"NEPAL SECOND GREEN, RESILIENT, AND INCLUSIVE PROGRAMMATIC DEVELOPMENT POLICY CREDIT",December,"100,000,000",Nepal,Ministry of Finance,['NP'],Nepal,2024-12-16 00:00:00.0,,0,!$!0,"100,000,000",2025,['IBRD'],11,"Stephen Danyo,George Joseph,Martin Heger",2024-12-12T00:00:00Z,https://projects.worldbank.org/en/projects-operations/project-detail/P178687,['NP'],,11,0!$!NP,Y,IBRD/IDA,"100,000,000",0,"100,000,000",Active,L,[],nil,nil,nil,nil,nil,nil,nil,nil,nil,nil,nil,nil,nil,nil,nil,nil
100,0,1,22720,325.1,325.1,0,P178253,South Asia,['Republic of India'],PE,Investment Project Financing,IN,N,Active,Uttar Pradesh Agriculture Growth and Rural Enterprise Ecosystem Strengthening Project,December,"325,100,000",nil,"Department of Agriculture, Government of Uttar Pradesh",['IN'],India,2024-12-16 00:00:00.0,,0,!$!0,"325,100,000",2025,['IBRD'],6,"Vinayak Narayan Ghatate,Andrew D. Goodland,Harsh Jhanjaria",2024-12-12T00:00:00Z,https://projects.worldbank.org/en/projects-operations/project-detail/P178253,['IN'],,6,500000000!$!IN,Y,IBRD/IDA,0,"325,100,000","500,000,000",Active,L,[],nil,nil,nil,nil,nil,nil,nil,nil,nil,nil,nil,nil,nil,nil,nil,nil
100,0,1,22720,0,0,0,P500536,South Asia,['Kingdom of Bhutan'],PE,Development Policy Lending,AD,nil,Active,Bhutan Climate and Disaster Resilience Development Policy Financing with a Catastrophe Deferred Drawdown Option,December,0,nil,nil,['BT'],Bhutan,2024-12-13 00:00:00.0,,0,!$!0,0,2025,['IBRD'],4,"Naho Shibuya,Yumeka Hirano",2024-12-11T00:00:00Z,https://projects.worldbank.org/en/projects-operations/project-detail/P500536,['BT'],,4,0!$!BT,Y,IBRD/IDA,0,0,0,Active,L,[],nil,nil,nil,nil,nil,nil,nil,nil,nil,nil,nil,nil,nil,12/31/2027 12:00:00 AM,nil,nil
100,0,1,22720,200,0,200,P181238,Western and Central Africa,['Republic of Togo'],PE,Development Policy Lending,AD,N,Active,Togo's Second Sustainable and Inclusive Development Policy Financing,December,"200,000,000",Ministry of Economy and Finance,Republic of Togo,['TG'],Togo,2024-12-12 00:00:00.0,,0,!$!0,"200,000,000",2025,['IBRD'],8,Marc Stocker,2024-12-10T00:00:00Z,https://projects.worldbank.org/en/projects-operations/project-detail/P181238,['TG'],,8,0!$!TG,Y,IBRD/IDA,"200,000,000",0,"200,000,000",Active,L,[],nil,nil,nil,nil,nil,nil,nil,nil,nil,nil,nil,nil,nil,5/31/2026 12:00:00 AM,nil,nil
100,0,1,22720,200,200,0,P181174,Latin America and Caribbean,['Republic of Costa Rica'],PE,Investment Project Financing,IN,N,Active,Costa Rica Results in Education (CORE),December,"200,000,000",Republic of Costa Rica,Ministry of Public Education,['CR'],Costa Rica,2024-12-08 00:00:00.0,,0,!$!0,"200,000,000",2025,['IBRD'],8,Suhas D. Parandekar,2024-12-06T00:00:00Z,https://projects.worldbank.org/en/projects-operations/project-detail/P181174,['CR'],,8,200000000!$!CR,Y,IBRD/IDA,0,"200,000,000","200,000,000",Active,L,[],nil,nil,nil,nil,nil,nil,nil,nil,nil,nil,nil,nil,nil,nil,nil,nil
100,0,1,22720,142,0,142,P181633,Middle East and North Africa,['Republic of Yemen'],PE,Investment Project Financing,IN,Y,Active,Third Additional Financing Yemen Emergency Human Capital Project,December,"142,000,000","World Health Organization, United Nations Office for Project Services, United Nations Children's Fund","World Health Organization, United Nations Office for Project Services, United Nations Children's Fund",['RY'],"Yemen, Republic of",2024-12-08 00:00:00.0,,0,!$!0,"142,000,000",2025,['IBRD'],8,"Avril Dawn Kaplan,Arsala Deane,Naif Mohammed Abu-Lohom",2024-12-06T00:00:00Z,https://projects.worldbank.org/en/projects-operations/project-detail/P181633,['RY'],,8,450000000!$!RY,Y,IBRD/IDA,"142,000,000",0,"150,000,000",Active,L,[],nil,nil,nil,nil,nil,nil,nil,nil,nil,nil,nil,nil,nil,nil,nil,nil
100,0,1,22720,543.5,543.5,0,P181752,Western and Central Africa,"[""Republic of Cote d'Ivoire""]",GU,Development Policy Lending,AD,N,Active,Cote d'Ivoire DPO3 Guarantee,December,"543,500,000",nil,nil,['CI'],Cote d'Ivoire,2024-12-10 00:00:00.0,,0,!$!0,"543,500,000",2025,['IBRD'],2,"Nathalie Picarelli,Markus Kitzmuller,Vincent Francois Jean Launay",2024-12-05T00:00:00Z,https://projects.worldbank.org/en/projects-operations/project-detail/P181752,['CI'],,2,0!$!CI,Y,Guarantees,0,"543,500,000",nil,Active,L,[],nil,nil,nil,nil,nil,nil,nil,nil,nil,nil,nil,nil,nil,nil,nil,nil
100,0,1,22720,25,25,0,P502012,Western and Central Africa,['Republic of The Gambia'],PE,Development Policy Lending,AD,nil,Active,The Gambia Second Boosting Resilience and Unlocking Productive Potential DPF,December,"25,000,000",nil,nil,['GM'],"Gambia, The",2024-12-08 00:00:00.0,,0,!$!0,"25,000,000",2025,['IBRD'],10,"Wilfried Anicet Kouakou Kouame,Ephrem Niyongabo",2024-12-05T00:00:00Z,https://projects.worldbank.org/en/projects-operations/project-detail/P502012,['GM'],,10,0!$!GM,Y,IBRD/IDA,0,"25,000,000","25,000,000",Active,L,[],nil,nil,nil,nil,nil,nil,nil,nil,nil,nil,nil,nil,nil,12/31/2025 12:00:00 AM,nil,nil
100,0,1,22720,0,0,0,P502565,Western and Central Africa,['Republic of Liberia'],PE,Development Policy Lending,AD,N,Active,Liberia First Resilient and Inclusive Growth Development Policy Financing,December,0,nil,nil,['LR'],Liberia,2024-12-08 00:00:00.0,,0,!$!0,0,2025,['IBRD'],11,"Muhammad Waheed,Mary Elinor Boyer",2024-12-05T00:00:00Z,https://projects.worldbank.org/en/projects-operations/project-detail/P502565,['LR'],,11,0!$!LR,Y,IBRD/IDA,0,0,0,Active,L,[],nil,nil,nil,nil,nil,nil,nil,nil,nil,nil,nil,nil,nil,12/31/2027 12:00:00 AM,nil,nil
100,0,1,22720,250,250,0,P180781,Europe and Central Asia,['Republic of Turkiye'],PE,Investment Project Financing,IN,N,Active,Türkiye Preparedness for Public Health Emergencies Project,December,"250,000,000",nil,nil,['TR'],Turkiye,2024-12-08 00:00:00.0,,0,!$!0,"250,000,000",2025,['IBRD'],10,Nadwa Rafeh,2024-12-05T00:00:00Z,https://projects.worldbank.org/en/projects-operations/project-detail/P180781,['TR'],,10,300000000!$!TR,Y,IBRD/IDA,0,"250,000,000","300,000,000",Active,L,[],nil,nil,nil,nil,nil,nil,nil,nil,nil,nil,nil,nil,nil,10/31/2029 12:00:00 AM,nil,nil
100,0,1,22720,310.6,0,310.6,P180234,Western and Central Africa,"[""Republic of Cote d'Ivoire""]",PE,Development Policy Lending,AD,N,Active,Cote d'Ivoire Investment for Growth DPF3/PBG/D4D,December,"310,600,000",nil,nil,['CI'],Cote d'Ivoire,2024-12-08 00:00:00.0,,0,!$!0,"310,600,000",2025,['IBRD'],2,"Nathalie Picarelli,Markus Kitzmuller,Vincent Francois Jean Launay",2024-12-05T00:00:00Z,https://projects.worldbank.org/en/projects-operations/project-detail/P180234,['CI'],,2,0!$!CI,Y,IBRD/IDA,"310,600,000",0,"310,600,000",Active,L,[],nil,nil,nil,nil,nil,nil,nil,nil,nil,nil,nil,nil,nil,12/31/2025 12:00:00 AM,nil,nil
100,0,1,22720,15,0,15,P181090,East Asia and Pacific,['Kingdom of Tonga'],PE,Investment Project Financing,IN,Y,Active,Second Additional Financing for Tonga Safe and Resilient Schools Project,December,"15,000,000",Ministry of Finance,Ministry of Education and Training,['TO'],Tonga,2024-12-08 00:00:00.0,,0,!$!0,"15,000,000",2025,['IBRD'],11,"Simone Lillian Esler,Janssen Edelweiss Nunes Fernandes Teixeira",2024-12-05T00:00:00Z,https://projects.worldbank.org/en/projects-operations/project-detail/P181090,['TO'],,11,28250000!$!TO,Y,IBRD/IDA,"15,000,000",0,"20,000,000",Active,L,[],nil,nil,nil,nil,nil,nil,nil,nil,nil,nil,nil,nil,nil,nil,['TO'],['Tonga']
100,0,1,22720,20.2,2.7,17.5,P505964,Europe and Central Asia,['Montenegro'],PE,Investment Project Financing,IN,nil,Active,Montenegro Energy Sector Decarbonization Project,December,"20,200,000",nil,nil,['ME'],Montenegro,2024-12-06 00:00:00.0,,0,!$!0,"20,200,000",2025,['IBRD'],4,"Yuriy Myroshnychenko,Claudio Protano",2024-12-04T00:00:00Z,https://projects.worldbank.org/en/projects-operations/project-detail/P505964,['ME'],,4,0!$!ME,Y,IBRD/IDA,"17,500,000","2,700,000","20,200,000",Active,L,[],nil,nil,nil,nil,nil,nil,nil,nil,nil,nil,nil,nil,nil,nil,nil,nil
100,0,1,22720,0,0,0,P504398,Middle East and North Africa,['Kingdom of Morocco'],PE,Investment Project Financing,IN,nil,Active,Morocco Second Identity and Targeting for Social Protection Project,December,0,nil,nil,['MA'],Morocco,2024-12-06 00:00:00.0,,0,!$!0,0,2025,['IBRD'],11,Mahdi Barouni,2024-12-04T00:00:00Z,https://projects.worldbank.org/en/projects-operations/project-detail/P504398,['MA'],,11,0!$!MA,Y,IBRD/IDA,0,0,0,Active,L,[],nil,nil,nil,nil,nil,nil,nil,nil,nil,nil,nil,nil,nil,nil,nil,nil
100,0,1,22720,300,150,150,P505179,Latin America and Caribbean,['Argentine Republic'],PE,Program-for-Results Financing,PR,nil,Active,Supporting the Federal Policy for Enhancing Foundational Literacy,November,"300,000,000",nil,nil,['AR'],Argentina,2024-11-29 00:00:00.0,,0,!$!0,"300,000,000",2025,['IBRD'],2,"Guadalupe Rojo,Juan Diego Alonso",2024-11-27T00:00:00Z,https://projects.worldbank.org/en/projects-operations/project-detail/P505179,['AR'],,2,0!$!AR,Y,IBRD/IDA,"150,000,000","150,000,000","300,000,000",Active,L,[],nil,nil,nil,nil,nil,nil,nil,nil,nil,nil,nil,nil,nil,4/30/2029 12:00:00 AM,nil,nil
100,0,1,22720,47.7,0,47.7,P176924,Western and Central Africa,['Republic of The Gambia'],PE,Program-for-Results Financing,PR,N,Active,The Gambia Public Administration Modernization for Citizen Centric Service Delivery,November,"47,700,000",Ministry of Finance and Economic Affairs,Ministry of Finance and Economic Affairs,['GM'],"Gambia, The",2024-11-29 00:00:00.0,,0,!$!0,"47,700,000",2025,['IBRD'],10,"Yousif Mubarak Elmahdi,Fatou Mbacke Dieng,Jason Allen Weaver",2024-11-27T00:00:00Z,https://projects.worldbank.org/en/projects-operations/project-detail/P176924,['GM'],,10,40000000!$!GM,Y,IBRD/IDA,"47,700,000",0,"50,000,000",Active,L,[],nil,nil,nil,nil,nil,nil,nil,nil,nil,nil,nil,nil,nil,11/30/2029 12:00:00 AM,nil,nil
100,0,1,22720,0,0,0,P506960,Eastern and Southern Africa,['Republic of Seychelles'],PE,Development Policy Lending,AD,nil,Active,Seychelles First Sustainable and Inclusive Growth Development Policy Operation,November,0,nil,nil,['SC'],Seychelles,2024-11-29 00:00:00.0,,0,!$!0,0,2025,['IBRD'],8,Andrew Blackman,2024-11-27T00:00:00Z,https://projects.worldbank.org/en/projects-operations/project-detail/P506960,['SC'],,8,nil,Y,IBRD/IDA,0,0,0,Active,L,[],nil,nil,nil,nil,nil,nil,nil,nil,nil,nil,nil,nil,nil,12/31/2025 12:00:00 AM,nil,nil
100,0,1,22720,250,250,0,P178768,Middle East and North Africa,['Kingdom of Morocco'],PE,Program-for-Results Financing,PR,N,Active,Morocco Municipal Solid Waste Management Support Program,November,"250,000,000",Ministry of Economy and Finance,"Ministry of Interior, Ministry of Energy Transition and Sustainable Development",['MA'],Morocco,2024-11-28 00:00:00.0,,0,!$!0,"250,000,000",2025,['IBRD'],4,"Sateh Chafic El-Arnaout,Dahlia Lotayef,Dahlia Lotayef",2024-11-26T00:00:00Z,https://projects.worldbank.org/en/projects-operations/project-detail/P178768,['MA'],,4,200000000!$!MA,Y,IBRD/IDA,0,"250,000,000","200,000,000",Active,L,[],nil,nil,nil,nil,nil,nil,nil,nil,nil,nil,nil,nil,nil,12/31/2030 12:00:00 AM,nil,nil
100,0,1,22720,200,200,0,P181372,Latin America and Caribbean,['Republic of Costa Rica'],PE,Development Policy Lending,AD,N,Active,Costa Rica Social Risk Management DPL DDO,November,"200,000,000",nil,nil,['CR'],Costa Rica,2024-11-27 00:00:00.0,,0,!$!0,"200,000,000",2025,['IBRD'],2,"Luz Stella Rodriguez,Barbara Cunha",2024-11-25T00:00:00Z,https://projects.worldbank.org/en/projects-operations/project-detail/P181372,['CR'],,2,0!$!CR,Y,IBRD/IDA,0,"200,000,000","200,000,000",Active,L,[],nil,nil,nil,nil,nil,nil,nil,nil,nil,nil,nil,nil,nil,nil,nil,nil
100,0,1,22720,0,0,0,P507190,Latin America and Caribbean,['Barbados'],PE,Investment Project Financing,IN,nil,Active,BERRP,November,0,nil,nil,['BB'],Barbados,2024-11-25 00:00:00.0,,0,!$!0,0,2025,['IBRD'],9,"Naraya Carrasco,Alexander Agosti",2024-11-21T00:00:00Z,https://projects.worldbank.org/en/projects-operations/project-detail/P507190,['BB'],,9,nil,Y,IBRD/IDA,0,0,0,Active,L,[],nil,nil,nil,nil,nil,nil,nil,nil,nil,nil,nil,nil,nil,nil,nil,nil
100,0,1,22720,0,0,0,P506846,Latin America and Caribbean,['Argentine Republic'],PE,Investment Project Financing,IN,nil,Active,Support to the Sustainability and Equity of Public Transport Project,November,0,nil,nil,['AR'],Argentina,2024-11-21 00:00:00.0,,0,!$!0,0,2025,['IBRD'],11,"Javier Morales Sarriera,Veronica Ines Raffo",2024-11-19T00:00:00Z,https://projects.worldbank.org/en/projects-operations/project-detail/P506846,['AR'],,11,nil,Y,IBRD/IDA,0,0,0,Active,L,[],nil,nil,nil,nil,nil,nil,nil,nil,nil,nil,nil,nil,nil,12/30/2027 12:00:00 AM,nil,nil
100,0,1,22720,0,0,0,P504621,Eastern and Southern Africa,['Republic of the Sudan'],PE,Investment Project Financing,IN,nil,Active,Sudan Education,November,0,nil,nil,['SD'],Sudan,2024-11-20 00:00:00.0,,0,!$!0,0,2025,['IBRD'],8,"Mari Shojo,Ruth Karimi Charo",2024-11-19T00:00:00Z,https://projects.worldbank.org/en/projects-operations/project-detail/P504621,['SD'],,8,0!$!SD,Y,IBRD/IDA,0,0,0,Active,L,[],nil,nil,nil,nil,nil,nil,nil,nil,nil,nil,nil,nil,nil,12/31/2026 12:00:00 AM,nil,nil
100,0,1,22720,0,0,0,P506430,Latin America and Caribbean,['Argentine Republic'],PE,Investment Project Financing,IN,nil,Active,Supporting the Transition to a Sustainable Electricity Sector in Argentina,November,0,nil,nil,['AR'],Argentina,2024-11-21 00:00:00.0,,0,!$!0,0,2025,['IBRD'],8,Lucia Spinelli,2024-11-19T00:00:00Z,https://projects.worldbank.org/en/projects-operations/project-detail/P506430,['AR'],,8,nil,Y,IBRD/IDA,0,0,0,Active,L,[],nil,nil,nil,nil,nil,nil,nil,nil,nil,nil,nil,nil,nil,12/31/2028 12:00:00 AM,nil,nil
100,0,1,22720,326.63,0,326.63,P500565,Europe and Central Asia,['Republic of Kazakhstan'],PE,Investment Project Financing,IN,nil,Active,Transport Resilience and Connectivity Enhancement Project (Jezkazgan-Karagandy Section of TCITR (Middle Corridor)),November,"326,630,000",nil,nil,['KZ'],Kazakhstan,2024-11-18 00:00:00.0,,0,!$!0,"326,630,000",2025,['IBRD'],11,"Nijat Valiyev,Irina Li",2024-11-15T00:00:00Z,https://projects.worldbank.org/en/projects-operations/project-detail/P500565,['KZ'],,11,0!$!KZ,Y,IBRD/IDA,"326,630,000",0,"326,630,000",Active,L,[],nil,nil,nil,nil,nil,nil,nil,nil,nil,nil,nil,nil,nil,nil,nil,nil
100,0,1,22720,0,0,0,P505025,Western and Central Africa,['Republic of Mali'],PE,Investment Project Financing,IN,nil,Active,Mali Community Resilience and Inclusive Services Project - Malidenko,November,0,nil,nil,['ML'],Mali,2024-11-18 00:00:00.0,,0,!$!0,0,2025,['IBRD'],9,"Susan Wong,Manuel Emilio Figueredo Thomson",2024-11-14T00:00:00Z,https://projects.worldbank.org/en/projects-operations/project-detail/P505025,['ML'],,9,0!$!ML,Y,IBRD/IDA,0,0,0,Active,L,[],nil,nil,nil,nil,nil,nil,nil,nil,nil,nil,nil,nil,nil,11/30/2028 12:00:00 AM,nil,nil
100,0,1,22720,51.8,47,4.8,P178190,East Asia and Pacific,['Mongolia'],PE,Investment Project Financing,IN,N,Active,Third Energy Sector Project,November,"51,800,000",NPTG,Ministry of Energy,['MN'],Mongolia,2024-11-15 00:00:00.0,,0,!$!0,"51,800,000",2025,['IBRD'],11,"Yanqin Song,Hiroaki Yamada",2024-11-13T00:00:00Z,https://projects.worldbank.org/en/projects-operations/project-detail/P178190,['MN'],,11,38082500!$!MN,Y,IBRD/IDA,"4,800,000","47,000,000","120,000,000",Active,L,[],nil,nil,nil,nil,nil,nil,nil,nil,nil,nil,nil,nil,nil,nil,nil,nil
100,0,1,22720,750,750,0,P181127,East Asia and Pacific,['Republic of the Philippines'],PE,Development Policy Lending,AD,N,Active,Philippines Second Digital Transformation DPL,November,"750,000,000",Department of Finance (DOF),"Bureau of the Treasury (BTr), Bangko Sentral ng Pilipinas (BSP), Philippine Competition Commission, Department of Information And Communications Technology (DICT), Department of Budget and Management (DBM), Civil Aeronautics Board (CAB), Department of Trade and Industry (DTI), National Economic and Development Authority (NEDA), Intellectual Property Office of the Philippines (IPOPHL), Department of Labor and Employment (DOLE)",['PH'],Philippines,2024-11-15 00:00:00.0,,0,!$!0,"750,000,000",2025,['IBRD'],7,"Jaime Andres Uribe Frias,Davit Melikyan,Naoto Kanehira",2024-11-12T00:00:00Z,https://projects.worldbank.org/en/projects-operations/project-detail/P181127,['PH'],,7,0!$!PH,Y,IBRD/IDA,0,"750,000,000","750,000,000",Active,L,[],nil,nil,nil,nil,nil,nil,nil,nil,nil,nil,nil,nil,nil,nil,nil,nil
100,0,1,22720,750,0,750,P504773,Europe and Central Asia,['Ukraine'],PE,Program-for-Results Financing,PR,nil,Active,Supporting Reconstruction through Smart Fiscal Governance (SURGE),November,"750,000,000",nil,nil,['UA'],Ukraine,2024-11-11 00:00:00.0,,0,!$!0,"750,000,000",2025,['IBRD'],8,"Urska Zrinski,Iryna Shcherbyna,Oleksii Balabushko",2024-11-07T00:00:00Z,https://projects.worldbank.org/en/projects-operations/project-detail/P504773,['UA'],,8,0!$!UA,Y,IBRD/IDA,"750,000,000",0,"750,000,000",Active,L,[],nil,nil,nil,nil,nil,nil,nil,nil,nil,nil,nil,nil,nil,3/31/2027 12:00:00 AM,nil,nil
100,0,1,22720,100,100,0,P180429,Latin America and Caribbean,['Federative Republic of Brazil'],PE,Investment Project Financing,IN,N,Active,Bahia Sustainable Rural Development Project,November,"100,000,000",Government of the State of Bahia,CAR - Companhia de Desenvolvimento e Acao Regional,['BR'],Brazil,2024-11-11 00:00:00.0,,0,!$!0,"100,000,000",2025,['IBRD'],10,"Eirivelthon Santos Lima,Carlos Bellas Lamas,Luis Alfonso Alvestegui Justiniano",2024-11-07T00:00:00Z,https://projects.worldbank.org/en/projects-operations/project-detail/P180429,['BR'],,10,150000000!$!BR,Y,IBRD/IDA,0,"100,000,000","150,000,000",Active,L,[],nil,nil,nil,nil,nil,nil,nil,nil,nil,nil,nil,nil,nil,10/30/2030 12:00:00 AM,nil,nil
100,0,1,22720,0,0,0,P506476,Europe and Central Asia,['Ukraine'],PE,Investment Project Financing,IN,nil,Active,Strengthening Government Capacity for Fiscal Reform Implementation,November,0,nil,nil,['UA'],Ukraine,2024-11-06 00:00:00.0,,0,!$!0,0,2025,['IBRD'],4,"Mariia Nikitova,Iryna Shcherbyna,Oleksii Balabushko,Urska Zrinski",2024-11-05T00:00:00Z,https://projects.worldbank.org/en/projects-operations/project-detail/P506476,['UA'],,4,nil,Y,IBRD/IDA,0,0,0,Active,L,[],nil,nil,nil,nil,nil,nil,nil,nil,nil,nil,nil,nil,nil,12/31/2028 12:00:00 AM,nil,nil
100,0,1,22720,200,200,0,P178254,South Asia,['Republic of India'],PE,Investment Project Financing,IN,N,Active,Kerala Climate Resilient Agri- Value Chain Modernization (KERA) Project,October,"200,000,000",nil,Ishita Roy,['IN'],India,2024-11-04 00:00:00.0,,0,!$!0,"200,000,000",2025,['IBRD'],5,"Christopher Paul Jackson,Amadou Dem,Azeb Fissha Mekonnen",2024-10-31T00:00:00Z,https://projects.worldbank.org/en/projects-operations/project-detail/P178254,['IN'],,5,285000000!$!IN,Y,IBRD/IDA,0,"200,000,000","285,000,000",Active,L,[],nil,nil,nil,nil,nil,nil,nil,nil,nil,nil,nil,nil,nil,11/30/2029 12:00:00 AM,nil,nil
100,0,1,22720,150,0,150,P181457,Western and Central Africa,['Republic of Benin'],PE,Development Policy Lending,AD,N,Active,Benin Second Boosting Inclusive Growth and Resilience DPF and PBG,October,"150,000,000",Ministry of Economy and Finance,Customs Service,['BJ'],Benin,2024-11-04 00:00:00.0,,0,!$!0,"150,000,000",2025,['IBRD'],5,"Felix Oppong,Van Anh Vu Hong,Vincent Francois Jean Launay",2024-10-31T00:00:00Z,https://projects.worldbank.org/en/projects-operations/project-detail/P181457,['BJ'],,5,0!$!BJ,Y,IBRD/IDA,"150,000,000",0,"150,000,000",Active,L,[],nil,nil,nil,nil,nil,nil,nil,nil,nil,nil,nil,nil,nil,12/31/2025 12:00:00 AM,nil,nil
100,0,1,22720,150,0,150,P181746,Western and Central Africa,['Republic of Benin'],GU,Development Policy Lending,AD,N,Active,Benin Boosting Inclusive Growth and Resilience DPF2 FY25 Guarantee,October,"221,500,000",nil,nil,['BJ'],Benin,2024-11-12 00:00:00.0,,0,!$!0,"221,500,000",2025,['IBRD'],4,Felix Oppong,2024-10-31T00:00:00Z,https://projects.worldbank.org/en/projects-operations/project-detail/P181746,['BJ'],,4,0!$!BJ,Y,Guarantees,"221,500,000",0,nil,Active,L,[],nil,nil,nil,nil,nil,nil,nil,nil,nil,nil,nil,nil,nil,12/13/2039 12:00:00 AM,nil,nil
100,0,1,22720,3429.89,1900,1529.89,P505616,Europe and Central Asia,['Ukraine'],PE,Program-for-Results Financing,PR,nil,Active,"Resilient, Inclusive and Sustainable Enterprise Program for Results",October,"3,429,890,000",nil,nil,['UA'],Ukraine,2024-11-04 00:00:00.0,,0,!$!0,"3,429,890,000",2025,['IBRD'],2,"Alberto Criscuolo,Johanna Jaeger",2024-10-31T00:00:00Z,https://projects.worldbank.org/en/projects-operations/project-detail/P505616,['UA'],,2,0!$!UA,Y,IBRD/IDA,"1,529,890,000","1,900,000,000","3,429,890,000",Active,L,[],nil,nil,nil,nil,nil,nil,nil,nil,nil,nil,nil,nil,nil,10/31/2027 12:00:00 AM,nil,nil
100,0,1,22720,30,0,30,P180965,East Asia and Pacific,['Kingdom of Tonga'],PE,Investment Project Financing,IN,N,Active,Health Enhancement and Resiliency in Tonga Project,October,"30,000,000",nil,nil,['TO'],Tonga,2024-11-01 00:00:00.0,,0,!$!0,"30,000,000",2025,['IBRD'],10,Kari L. Hurt,2024-10-30T00:00:00Z,https://projects.worldbank.org/en/projects-operations/project-detail/P180965,['TO'],,10,23000000!$!TO,Y,IBRD/IDA,"30,000,000",0,"23,000,000",Active,L,[],nil,nil,nil,nil,nil,nil,nil,nil,nil,nil,nil,nil,nil,6/28/2030 12:00:00 AM,nil,nil
100,0,1,22720,20.05,0,20.05,P180807,East Asia and Pacific,['Samoa'],PE,Investment Project Financing,IN,N,Active,Digitally Connected and Resilient Samoa Project,October,"20,050,000",nil,nil,['WS'],Samoa,2024-10-20 00:00:00.0,,0,!$!0,"20,050,000",2025,['IBRD'],10,"Shivnesh Roynendra Prasad,Ji Eun Choi",2024-10-18T00:00:00Z,https://projects.worldbank.org/en/projects-operations/project-detail/P180807,['WS'],,10,20050000!$!WS,Y,IBRD/IDA,"20,050,000",0,"35,000,000",Active,L,[],nil,nil,nil,nil,nil,nil,nil,nil,nil,nil,nil,nil,nil,10/30/2029 12:00:00 AM,nil,nil
100,0,1,22720,21,0,21,P181456,East Asia and Pacific,['Samoa'],PE,Investment Project Financing,IN,N,Active,Samoa Finance Sector Resilience and Development Project,October,"21,000,000",nil,nil,['WS'],Samoa,2024-10-20 00:00:00.0,,0,!$!0,"21,000,000",2025,['IBRD'],11,"Rekha Reddy,Christopher David Miller,Ji Eun Choi",2024-10-18T00:00:00Z,https://projects.worldbank.org/en/projects-operations/project-detail/P181456,['WS'],,11,17000000!$!WS,Y,IBRD/IDA,"21,000,000",0,"17,000,000",Active,L,[],nil,nil,nil,nil,nil,nil,nil,nil,nil,nil,nil,nil,nil,12/17/2029 12:00:00 AM,nil,nil
100,0,1,22720,40,0,40,P181584,Latin America and Caribbean,['Republic of Haiti'],PE,Investment Project Financing,IN,Y,Active,Additional Financing: Haiti Renewable Energy For All,October,"40,000,000",Ministry of Finance,"MTPTC Energy Cell, Ministry of Public Works, Transportation and Communication",['HT'],Haiti,2024-10-20 00:00:00.0,,0,!$!0,"40,000,000",2025,['IBRD'],8,Alassane Agalassou,2024-10-18T00:00:00Z,https://projects.worldbank.org/en/projects-operations/project-detail/P181584,['HT'],,8,20000000!$!HT,Y,IBRD/IDA,"40,000,000",0,"20,000,000",Active,L,[],nil,nil,nil,nil,nil,nil,nil,nil,nil,nil,nil,nil,nil,nil,['HT'],['Haiti']
100,0,1,22720,95,95,0,P181624,Europe and Central Asia,['Republic of Turkiye'],PE,Investment Project Financing,IN,Y,Active,Additional Financing: Türkiye Irrigation Modernization Project,October,"95,000,000",Republic of Turkey,Devlet Su Isleri (DSI),['TR'],Turkiye,2024-10-20 00:00:00.0,,0,!$!0,"95,000,000",2025,['IBRD'],10,"Regassa Ensermu Namara,Ahmed Shawky Mohamed Abdelghany,Canan Yildiz Uz",2024-10-17T00:00:00Z,https://projects.worldbank.org/en/projects-operations/project-detail/P181624,['TR'],,10,95000000!$!TR,Y,IBRD/IDA,0,"95,000,000","95,000,000",Active,L,[],nil,nil,nil,nil,nil,nil,nil,nil,nil,nil,nil,nil,nil,nil,['TR'],['Turkey']
100,0,1,22720,0,0,0,P507316,Latin America and Caribbean,['St. Vincent and the Grenadines'],PE,Investment Project Financing,IN,nil,Active,Saint Vincent and the Grenadines: Beryl Emergency Resilient Recovery Project,October,0,nil,nil,['VC'],St. Vincent and the Grenadines,2024-10-20 00:00:00.0,,0,!$!0,0,2025,['IBRD'],8,"Jared Phillip Mercadante,Elad Shenfeld",2024-10-17T00:00:00Z,https://projects.worldbank.org/en/projects-operations/project-detail/P507316,['VC'],,8,nil,Y,IBRD/IDA,0,0,0,Active,L,[],nil,nil,nil,nil,nil,nil,nil,nil,nil,nil,nil,nil,nil,10/30/2031 12:00:00 AM,nil,nil
100,0,1,22720,540,150,390,P501648,Eastern and Southern Africa,['Republic of Kenya'],PE,Program-for-Results Financing,PR,nil,Active,Kenya Secondary Education Equity and Quality Improvement Program,October,"540,000,000",nil,nil,['KE'],Kenya,2024-10-20 00:00:00.0,,0,!$!0,"540,000,000",2025,['IBRD'],7,Ruth Karimi Charo,2024-10-17T00:00:00Z,https://projects.worldbank.org/en/projects-operations/project-detail/P501648,['KE'],,7,0!$!KE,Y,IBRD/IDA,"390,000,000","150,000,000","540,000,000",Active,L,[],nil,nil,nil,nil,nil,nil,nil,nil,nil,nil,nil,nil,nil,12/31/2029 12:00:00 AM,nil,nil
100,0,1,22720,20.2,0,20.2,P181295,East Asia and Pacific,['Solomon Islands'],PE,Investment Project Financing,IN,N,Active,Community Access and Urban Services Enhancement Project II,October,"20,200,000",nil,nil,['SB'],Solomon Islands,2024-10-17 00:00:00.0,,0,!$!0,"20,200,000",2025,['IBRD'],7,"Sonya Woo,Andre A. Bald,Ifeta Smajic",2024-10-15T00:00:00Z,https://projects.worldbank.org/en/projects-operations/project-detail/P181295,['SB'],,7,15000000!$!SB,Y,IBRD/IDA,"20,200,000",0,"15,000,000",Active,L,[],nil,nil,nil,nil,nil,nil,nil,nil,nil,nil,nil,nil,nil,9/30/2030 12:00:00 AM,nil,nil
100,0,1,22720,56,0,56,P178237,East Asia and Pacific,['Federated States of Micronesia'],PE,Investment Project Financing,IN,N,Active,Pacific Islands Regional Oceanscape Program - Second Phase for Economic Resilience: Federated States of Micronesia (FSM PROPER),October,"56,000,000",Department of Finance and Administration,"National Oceanic Resource Management Authority, Department of Resource & Development",['FM'],"Micronesia, Federated States of",2024-10-17 00:00:00.0,,0,!$!0,"56,000,000",2025,['IBRD'],10,"Iretomiwa Olatunji,Aimee Terese Hall,Xavier F. P. Vincent",2024-10-15T00:00:00Z,https://projects.worldbank.org/en/projects-operations/project-detail/P178237,['FM'],,10,30000000!$!FM,Y,IBRD/IDA,"56,000,000",0,"30,000,000",Active,L,[],nil,Environment and Natural Resource Management,80,1,0,Renewable Natural Resources Asset Management,83,2,0,Coastal Zone Management,836,3,0,9/30/2030 12:00:00 AM,nil,nil
100,0,1,22720,150,150,0,P178842,Latin America and Caribbean,['Republic of Peru'],PE,Investment Project Financing,IN,N,Active,Improving Lima Traffic Management and Supporting Sustainable Transport Project,October,"150,000,000",MEF,ProTransito (Metropolitan Municipality of Lima),['PE'],Peru,2024-10-17 00:00:00.0,,0,!$!0,"150,000,000",2025,['IBRD'],11,"Felipe Targa Rodriguez,Aiga Stokenberga",2024-10-15T00:00:00Z,https://projects.worldbank.org/en/projects-operations/project-detail/P178842,['PE'],,11,150000000!$!PE,Y,IBRD/IDA,0,"150,000,000","169,200,000",Active,L,[],nil,Environment and Natural Resource Management,80,1,0,Environmental Health and Pollution Management,82,2,0,Air quality management,821,3,0,10/30/2029 12:00:00 AM,nil,nil
100,0,1,22720,287.24,287.24,0,P176317,East Asia and Pacific,['Republic of the Philippines'],PE,Investment Project Financing,IN,N,Active,Philippines Digital Infrastructure Project,October,"287,240,000",Department of Finance,Department of ICT,['PH'],Philippines,2024-10-14 00:00:00.0,,0,!$!0,"287,240,000",2025,['IBRD'],8,"Benqing Jennifer Gui,Bertram Boie,Naoto Kanehira",2024-10-10T00:00:00Z,https://projects.worldbank.org/en/projects-operations/project-detail/P176317,['PH'],,8,300000000!$!PH,Y,IBRD/IDA,0,"287,240,000","100,000,000",Active,L,[],nil,nil,nil,nil,nil,nil,nil,nil,nil,nil,nil,nil,nil,12/31/2028 12:00:00 AM,nil,nil
100,0,1,22720,150,0,150,P181344,South Asia,['Nepal'],PE,Development Policy Lending,AD,N,Active,Nepal Disaster Resilience Development Policy Credit with Cat DDO (NDRC),October,"150,000,000",nil,nil,['NP'],Nepal,2024-10-10 00:00:00.0,,0,!$!0,"150,000,000",2025,['IBRD'],11,"Iguniwari Thomas Ekeu-Wei,Mamata Ghimire",2024-10-08T00:00:00Z,https://projects.worldbank.org/en/projects-operations/project-detail/P181344,['NP'],,11,0!$!NP,Y,IBRD/IDA,"150,000,000",0,"150,000,000",Active,L,[],nil,nil,nil,nil,nil,nil,nil,nil,nil,nil,nil,nil,nil,11/30/2027 12:00:00 AM,nil,nil
100,0,1,22720,86.6,86.6,0,P178646,Europe and Central Asia,['Montenegro'],PE,Development Policy Lending,AD,N,Active,Montenegro First Resilient Fiscal and Sustainable Development DPF,October,"86,600,000",Ministry of Finance,Ministry of Finance,['ME'],Montenegro,2024-10-07 00:00:00.0,,0,!$!0,"86,600,000",2025,['IBRD'],3,"Christos Kostopoulos,Maja Murisic,Milan Lakicevic",2024-10-04T00:00:00Z,https://projects.worldbank.org/en/projects-operations/project-detail/P178646,['ME'],,3,0!$!ME,Y,IBRD/IDA,0,"86,600,000","86,600,000",Active,L,[],nil,nil,nil,nil,nil,nil,nil,nil,nil,nil,nil,nil,nil,3/31/2026 12:00:00 AM,nil,nil
100,0,1,22720,300,300,0,P501037,Europe and Central Asia,['Republic of Uzbekistan'],PE,Development Policy Lending,AD,nil,Active,Second Inclusive and Resilient Market Economy Development Policy Operation,October,"300,000,000",nil,nil,['UZ'],Uzbekistan,2024-10-07 00:00:00.0,,0,!$!0,"300,000,000",2025,['IBRD'],3,"Pinar Yasar,Wei-Jen Leow",2024-10-03T00:00:00Z,https://projects.worldbank.org/en/projects-operations/project-detail/P501037,['UZ'],,3,0!$!UZ,Y,IBRD/IDA,0,"300,000,000","300,000,000",Active,L,[],nil,nil,nil,nil,nil,nil,nil,nil,nil,nil,nil,nil,nil,12/31/2026 12:00:00 AM,nil,nil
100,0,1,22720,250,250,0,P180501,Middle East and North Africa,['Lebanese Republic'],PE,Investment Project Financing,IN,N,Active,Lebanon Renewable Energy and System Reinforcement Project,October,"250,000,000",Lebanese Republic,"Electricit� du Liban (EDL), Ministry of Energy and Water",['LB'],Lebanon,2024-10-03 00:00:00.0,,0,!$!0,"250,000,000",2025,['IBRD'],3,"Alexis Lucien Emmanuel Madelain,Mohamed Zakaria Kamh,Yanchao Li",2024-10-01T00:00:00Z,https://projects.worldbank.org/en/projects-operations/project-detail/P180501,['LB'],,3,150000000!$!LB,Y,IBRD/IDA,0,"250,000,000","250,000,000",Active,L,[],nil,nil,nil,nil,nil,nil,nil,nil,nil,nil,nil,nil,nil,12/31/2030 12:00:00 AM,nil,nil
100,0,1,22720,653,653,0,P180860,East Asia and Pacific,['Republic of Indonesia'],PE,Investment Project Financing,IN,N,Active,Integrated Land Administration and Spatial Planning Project,September,"653,000,000",Republic of Indonesia,Ministry of Agrarian Affairs and Spatial Planning / National Land Agency (ATR/BPN),['ID'],Indonesia,2024-10-02 00:00:00.0,,0,!$!0,"653,000,000",2025,['IBRD'],11,"Willem Egbert Van Der Muur,Dong Kyu Kwak",2024-09-30T00:00:00Z,https://projects.worldbank.org/en/projects-operations/project-detail/P180860,['ID'],,11,600000000!$!ID,Y,IBRD/IDA,0,"653,000,000","653,000,000",Active,L,[],nil,nil,nil,nil,nil,nil,nil,nil,nil,nil,nil,nil,nil,11/30/2029 12:00:00 AM,nil,nil
100,0,1,22720,500,500,0,P179513,Eastern and Southern Africa,['Republic of Angola'],PE,Development Policy Lending,AD,N,Active,"Second Green, Resilient, Inclusive Growth and Diversification Development Policy Loan",September,"500,000,000",Republic of Angola,Ministry of Finance of Angola,['AO'],Angola,2024-10-02 00:00:00.0,,0,!$!0,"500,000,000",2025,['IBRD'],11,"Nelson Tisso Miezi Eduardo,Benedicte Helene Cecile Baduel,Harun Onder",2024-09-30T00:00:00Z,https://projects.worldbank.org/en/projects-operations/project-detail/P179513,['AO'],,11,0!$!AO,Y,IBRD/IDA,0,"500,000,000","500,000,000",Active,L,[],nil,nil,nil,nil,nil,nil,nil,nil,nil,nil,nil,nil,nil,12/31/2026 12:00:00 AM,nil,nil
100,0,1,22720,56,0,56,P179284,East Asia and Pacific,"[""Lao People's Democratic Republic""]",PE,Investment Project Financing,IN,N,Active,Lao PDR Climate Resilient Road Connectivity Improvement Project,September,"56,000,000",Ministry of Finance,Ministry of Public Works and Transport,['LA'],Lao People's Democratic Republic,2024-10-02 00:00:00.0,,0,!$!0,"56,000,000",2025,['IBRD'],4,"Pratap Tvgssshrk,Sombath Southivong",2024-09-30T00:00:00Z,https://projects.worldbank.org/en/projects-operations/project-detail/P179284,['LA'],,4,35000000!$!LA,Y,IBRD/IDA,"56,000,000",0,"34,000,000",Active,L,[],nil,nil,nil,nil,nil,nil,nil,nil,nil,nil,nil,nil,nil,8/30/2030 12:00:00 AM,nil,nil
100,0,1,22720,0,0,0,P503941,Eastern and Southern Africa,['Republic of Zambia'],PE,Investment Project Financing,IN,nil,Active,Zambia Refugee and Host Communities Project - ZRHCP,September,0,nil,nil,['ZM'],Zambia,2024-09-29 00:00:00.0,,0,!$!0,0,2025,['IBRD'],11,"Njavwa Namposya Chilufya,Tanya Lynn D'Lima",2024-09-26T00:00:00Z,https://projects.worldbank.org/en/projects-operations/project-detail/P503941,['ZM'],,11,0!$!ZM,Y,IBRD/IDA,0,0,0,Active,L,[],nil,nil,nil,nil,nil,nil,nil,nil,nil,nil,nil,nil,nil,10/31/2028 12:00:00 AM,nil,nil
100,0,1,22720,26.7,26.7,0,P181485,Europe and Central Asia,['Republic of Serbia'],PE,Investment Project Financing,IN,Y,Active,Second Additional Financing for the Serbia Accelerating Innovation and Growth Entrepreneurship Project,September,"26,700,000",Republic of Serbia,"Ministry of Science, Technological Development  and Innovation (NITRA)",['YF'],Serbia,2024-09-29 00:00:00.0,,0,!$!0,"26,700,000",2025,['IBRD'],6,"Maja Andjelkovic,Ruvejda Aliefendic",2024-09-26T00:00:00Z,https://projects.worldbank.org/en/projects-operations/project-detail/P181485,['YF'],,6,26700000!$!YF,Y,IBRD/IDA,0,"26,700,000","27,180,000",Active,L,[],nil,nil,nil,nil,nil,nil,nil,nil,nil,nil,nil,nil,nil,nil,['YF'],nil
100,0,1,22720,500,0,500,P181476,Western and Central Africa,['Federal Republic of Nigeria'],PE,Program-for-Results Financing,PR,N,Active,Nigeria Human Capital Opportunities for Prosperity and Equity (HOPE) - Governance,September,"500,000,000",Federal Republic of Nigeria,Federal Ministry of Education,['NG'],Nigeria,2024-09-29 00:00:00.0,,0,!$!0,"500,000,000",2025,['IBRD'],4,"Ikechukwu John Azubike Nweje,Dilip Parajuli,Olumide Olaolu Okunola",2024-09-26T00:00:00Z,https://projects.worldbank.org/en/projects-operations/project-detail/P181476,['NG'],,4,500000000!$!NG,Y,IBRD/IDA,"500,000,000",0,"10,750,000,000",Active,L,[],nil,nil,nil,nil,nil,nil,nil,nil,nil,nil,nil,nil,nil,6/30/2029 12:00:00 AM,nil,nil
100,0,1,22720,500,0,500,P179684,Western and Central Africa,['Federal Republic of Nigeria'],PE,Investment Project Financing,IN,N,Active,Sustainable Power and Irrigation for Nigeria Project,September,"500,000,000",FEDERAL GOVERNMENT OF NIGERIA,Federal Ministry of Water Resources,['NG'],Nigeria,2024-09-29 00:00:00.0,,0,!$!0,"500,000,000",2025,['IBRD'],4,"Emmanuel Chinedu Umolu,Pravin Karki,Yo Nishimura",2024-09-26T00:00:00Z,https://projects.worldbank.org/en/projects-operations/project-detail/P179684,['NG'],,4,500000000!$!NG,Y,IBRD/IDA,"500,000,000",0,"700,000,000",Active,L,[],nil,nil,nil,nil,nil,nil,nil,nil,nil,nil,nil,nil,nil,12/31/2029 12:00:00 AM,nil,nil
100,0,1,22720,450,450,0,P504693,Western and Central Africa,['Federal Republic of Nigeria'],PE,Program-for-Results Financing,PR,nil,Active,NGR BHCPP,September,"450,000,000",nil,nil,['NG'],Nigeria,2024-09-29 00:00:00.0,,0,!$!0,"450,000,000",2025,['IBRD'],11,"Olumide Olaolu Okunola,Owen K. Smith,Ritgak Asabe Sarah Tilley Gyado",2024-09-26T00:00:00Z,https://projects.worldbank.org/en/projects-operations/project-detail/P504693,['NG'],,11,0!$!NG,Y,IBRD/IDA,0,"450,000,000","450,000,000",Active,L,[],nil,nil,nil,nil,nil,nil,nil,nil,nil,nil,nil,nil,nil,6/30/2029 12:00:00 AM,nil,nil
100,0,1,22720,92.2,0,92.2,P180000,Western and Central Africa,['Republic of Chad'],PE,Investment Project Financing,IN,N,Active,Chad Digital Transformation Project,September,"92,200,000",Republic of Chad,Ministry of Telecommunications and Digital Economy,['TD'],Chad,2024-09-27 00:00:00.0,,0,!$!0,"92,200,000",2025,['IBRD'],4,"Marc Jean Yves Lixi,Sarah Carine Zekri,Tounwende Alain Sawadogo",2024-09-25T00:00:00Z,https://projects.worldbank.org/en/projects-operations/project-detail/P180000,['TD'],,4,120000000!$!TD,Y,IBRD/IDA,"92,200,000",0,"120,000,000",Active,L,[],nil,Environment and Natural Resource Management,80,1,0,Climate change,81,2,0,Adaptation,812,3,0,4/30/2029 12:00:00 AM,nil,nil
100,0,1,22720,60,0,60,P181250,East Asia and Pacific,['Republic of the Marshall Islands'],PE,Investment Project Financing,IN,N,Active,Renewable Energy Generation and Access Increase Project,September,"60,000,000",nil,nil,['MH'],Marshall Islands,2024-10-10 00:00:00.0,,0,!$!0,"60,000,000",2025,['IBRD'],2,Alain Ouedraogo,2024-09-24T00:00:00Z,https://projects.worldbank.org/en/projects-operations/project-detail/P181250,['MH'],,2,50000000!$!MH,Y,IBRD/IDA,"60,000,000",0,"50,000,000",Active,L,[],nil,nil,nil,nil,nil,nil,nil,nil,nil,nil,nil,nil,nil,9/30/2030 12:00:00 AM,nil,nil
100,0,1,22720,200,0,200,P173194,East Asia and Pacific,['The Independent State of Papua New Guine'],PE,Investment Project Financing,IN,N,Active,National Energy Access Transformation Project,September,"200,000,000",Independent State of Papua New Guinea,"National Energy Authority, PNG Power Limited",['PG'],Papua New Guinea,2024-10-10 00:00:00.0,,0,!$!0,"200,000,000",2025,['IBRD'],10,"Mariano Salto,Katsuyuki Fukui,Slavena Lyubomirova Georgieva",2024-09-24T00:00:00Z,https://projects.worldbank.org/en/projects-operations/project-detail/P173194,['PG'],,10,350000000!$!PG,Y,IBRD/IDA,"200,000,000",0,"350,000,000",Active,L,[],nil,nil,nil,nil,nil,nil,nil,nil,nil,nil,nil,nil,nil,12/30/2030 12:00:00 AM,nil,nil
100,0,1,22720,5,0,5,P181555,East Asia and Pacific,['East Asia and Pacific'],PE,Investment Project Financing,IN,N,Active,Accelerating Sustainable Energy Transition Program,September,"5,000,000",ASEAN Centre for Energy,ASEAN Centre for Energy,['4E'],East Asia and Pacific,2024-09-29 00:00:00.0,,0,!$!0,"5,000,000",2025,['IBRD'],11,"Claudia Ines Vasquez Suarez,Xiaodong Wang",2024-09-24T00:00:00Z,https://projects.worldbank.org/en/projects-operations/project-detail/P181555,['4E'],,11,5000000!$!4E,Y,IBRD/IDA,"5,000,000",0,"7,010,000,000",Active,L,[],nil,nil,nil,nil,nil,nil,nil,nil,nil,nil,nil,nil,nil,6/30/2029 12:00:00 AM,nil,nil
100,0,1,22720,80,0,80,P180664,East Asia and Pacific,['Kingdom of Cambodia'],PE,Investment Project Financing,IN,N,Active,Second Higher Education Improvement Project,September,"80,000,000",Kingdom of Cambodia,"Ministry of Education, Youth and Sport",['KH'],Cambodia,2024-09-25 00:00:00.0,,0,!$!0,"80,000,000",2025,['IBRD'],11,"Fata No,Lauri Veli Johannes Pynnonen",2024-09-23T00:00:00Z,https://projects.worldbank.org/en/projects-operations/project-detail/P180664,['KH'],,11,60000000!$!KH,Y,IBRD/IDA,"80,000,000",0,"80,000,000",Active,L,[],nil,nil,nil,nil,nil,nil,nil,nil,nil,nil,nil,nil,nil,11/30/2030 12:00:00 AM,nil,nil
100,0,1,22720,85,0,85,P506072,Western and Central Africa,['Republic of Guinea'],PE,Investment Project Financing,IN,nil,Active,Guinea Enhancing Health System Transformation (GUEST) Project,September,"85,000,000",nil,nil,['GN'],Guinea,2024-09-25 00:00:00.0,,0,!$!0,"85,000,000",2025,['IBRD'],4,"Zenab Konkobo Kouanda,Teegwende Valerie Porgo",2024-09-23T00:00:00Z,https://projects.worldbank.org/en/projects-operations/project-detail/P506072,['GN'],,4,0!$!GN,Y,IBRD/IDA,"85,000,000",0,"85,000,000",Active,L,[],nil,nil,nil,nil,nil,nil,nil,nil,nil,nil,nil,nil,nil,12/31/2029 12:00:00 AM,nil,nil
100,0,1,22720,300,0,300,P502111,Europe and Central Asia,['Romania'],PE,Development Policy Lending,AD,nil,Active,Romania Second Disaster Risk Management Development Policy Loan with a Cat DDO,September,"300,000,000",nil,nil,['RO'],Romania,2024-09-23 00:00:00.0,,0,!$!0,"300,000,000",2025,['IBRD'],8,"Zuzana Stanton-Geddes,Alexandra Calin",2024-09-19T00:00:00Z,https://projects.worldbank.org/en/projects-operations/project-detail/P502111,['RO'],,8,0!$!RO,Y,IBRD/IDA,"300,000,000",0,"300,000,000",Active,L,[],nil,nil,nil,nil,nil,nil,nil,nil,nil,nil,nil,nil,nil,12/31/2027 12:00:00 AM,nil,nil
100,0,1,22720,0,0,0,P506528,Western and Central Africa,['Burkina Faso'],PE,Investment Project Financing,IN,nil,Active,Human Capital Protection Project,September,0,nil,nil,['BF'],Burkina Faso,2024-09-23 00:00:00.0,,0,!$!0,0,2025,['IBRD'],8,"Kolie Ousmane Maurice Megnan,Christophe Lemiere",2024-09-19T00:00:00Z,https://projects.worldbank.org/en/projects-operations/project-detail/P506528,['BF'],,8,nil,Y,IBRD/IDA,0,0,0,Active,L,[],nil,nil,nil,nil,nil,nil,nil,nil,nil,nil,nil,nil,nil,12/31/2025 12:00:00 AM,nil,nil
100,0,1,22720,160,0,160,P181415,Middle East and North Africa,['Republic of Djibouti'],PE,Investment Project Financing,IN,Y,Active,Horn of Africa Initiative: Djibouti Regional Economic Corridor  AF,September,"160,000,000",The Republic of Djibouti,ADR,['DJ'],Djibouti,2024-09-18 00:00:00.0,,0,!$!0,"160,000,000",2025,['IBRD'],4,"Clotilde Virginie Minster,Mira Morad",2024-09-16T00:00:00Z,https://projects.worldbank.org/en/projects-operations/project-detail/P181415,['DJ'],,4,90000000!$!DJ,Y,IBRD/IDA,"160,000,000",0,"160,000,000",Active,L,[],nil,nil,nil,nil,nil,nil,nil,nil,nil,nil,nil,nil,nil,nil,nil,nil
100,0,1,22720,0.25,0.25,0,P504400,Latin America and Caribbean,['Republic of Ecuador'],PE,Investment Project Financing,IN,nil,Active,Ecuador Guayas: Resilient Rural Roads,September,"250,000",nil,nil,['EC'],Ecuador,2024-09-16 00:00:00.0,,0,!$!0,"250,000",2025,['IBRD'],11,Alejandro Hoyos Guerrero,2024-09-13T00:00:00Z,https://projects.worldbank.org/en/projects-operations/project-detail/P504400,['EC'],,11,0!$!EC,Y,IBRD/IDA,0,"250,000","250,000",Active,L,[],nil,nil,nil,nil,nil,nil,nil,nil,nil,nil,nil,nil,nil,12/31/2029 12:00:00 AM,nil,nil
100,0,1,22720,400,400,0,P181495,Eastern and Southern Africa,['Republic of Angola'],PE,Investment Project Financing,IN,N,Active,Enhancing the Social Protection System for Human Capital and Resilience Project,September,"400,000,000",Ministry of Finance,FAS Local Development Institute,['AO'],Angola,2024-09-16 00:00:00.0,,0,!$!0,"400,000,000",2025,['IBRD'],2,"Emma Mercedes Monsalve Montiel,Aylin Isik-Dikmelik,Federica Ricaldi",2024-09-12T00:00:00Z,https://projects.worldbank.org/en/projects-operations/project-detail/P181495,['AO'],,2,400000000!$!AO,Y,IBRD/IDA,0,"400,000,000","400,000,000",Active,L,[],nil,nil,nil,nil,nil,nil,nil,nil,nil,nil,nil,nil,nil,10/31/2029 12:00:00 AM,nil,nil
100,0,1,22720,44,0,44,P181681,Eastern and Southern Africa,['Republic of South Sudan'],PE,Investment Project Financing,IN,Y,Active,Additional Financing for Building Skills for Human Capital Development in South Sudan,September,"44,000,000",South Sudan,"Ministry of Higher Education, Science and Technology, Ministry of General Education and Instruction",['SS'],South Sudan,2024-09-13 00:00:00.0,,0,!$!0,"44,000,000",2025,['IBRD'],4,"Huma Ali Waheed,Francisco Haimovich Paz",2024-09-11T00:00:00Z,https://projects.worldbank.org/en/projects-operations/project-detail/P181681,['SS'],,4,44000000!$!SS,Y,IBRD/IDA,"44,000,000",0,"44,000,000",Active,L,[],nil,nil,nil,nil,nil,nil,nil,nil,nil,nil,nil,nil,nil,nil,nil,nil
100,0,1,22720,400,0,400,P180549,South Asia,['Democratic Socialist Republic of Sri Lan'],PE,Development Policy Lending,AD,N,Active,"Sri Lanka Second Resilience, Stability and Economic Turnaround Development Policy Operation",September,"400,000,000",DEMOCRATIC SOCIALIST REPUBLIC OF SRI LANKA,"Ministry of Finance, Economic Stabilization and National Policies",['LK'],Sri Lanka,2024-09-13 00:00:00.0,,0,!$!0,"400,000,000",2025,['IBRD'],2,"Richard Ancrum Walker,Karina Baba",2024-09-11T00:00:00Z,https://projects.worldbank.org/en/projects-operations/project-detail/P180549,['LK'],,2,0!$!LK,Y,IBRD/IDA,"400,000,000",0,"400,000,000",Active,L,[],nil,nil,nil,nil,nil,nil,nil,nil,nil,nil,nil,nil,nil,9/30/2025 12:00:00 AM,nil,nil
100,0,1,22720,70,0,70,P178808,Eastern and Southern Africa,['Federal Democratic Republic of Ethiopia'],PE,Investment Project Financing,IN,N,Active,Governance Modernization to Enable Efficient Service Delivery Project,September,"70,000,000",Federal Democratic Republic of Ethiopia,Ministry of Finance,['ET'],Ethiopia,2024-09-12 00:00:00.0,,0,!$!0,"70,000,000",2025,['IBRD'],4,Vikram Menon,2024-09-10T00:00:00Z,https://projects.worldbank.org/en/projects-operations/project-detail/P178808,['ET'],,4,150000000!$!ET,Y,IBRD/IDA,"70,000,000",0,"150,000,000",Active,L,[],nil,nil,nil,nil,nil,nil,nil,nil,nil,nil,nil,nil,nil,10/9/2029 12:00:00 AM,nil,nil
100,0,1,22720,150,150,0,P180555,Latin America and Caribbean,['Federative Republic of Brazil'],PE,Investment Project Financing,IN,N,Active,"Brazil Proactive, Safe, and Resilient Road Asset Management Program - State of Bahia",September,"150,000,000",nil,Secretary of Infrastructure of the State of Bahia,['BR'],Brazil,2024-09-12 00:00:00.0,,0,!$!0,"150,000,000",2025,['IBRD'],2,"Carlos Bellas Lamas,Eric R. Lancelot",2024-09-10T00:00:00Z,https://projects.worldbank.org/en/projects-operations/project-detail/P180555,['BR'],,2,187500000!$!BR,Y,IBRD/IDA,0,"150,000,000","187,500,000",Active,L,[],nil,nil,nil,nil,nil,nil,nil,nil,nil,nil,nil,nil,nil,11/30/2032 12:00:00 AM,nil,nil
100,0,1,22720,70,0,70,P178774,Western and Central Africa,['Central African Republic'],PE,Investment Project Financing,IN,N,Active,CAR Inclusive and Resilient Cities Project,September,"70,000,000",Central African Republic,"Ministre de l'Urbanisme, de la R�forme fonci�re, de la Ville et de l'Habitat",['CF'],Central African Republic,2024-09-12 00:00:00.0,,0,!$!0,"70,000,000",2025,['IBRD'],9,"Barbara Metuge Emade,Anne Emmanuelle Laurence Marynczak,Laurent Corroyer",2024-09-10T00:00:00Z,https://projects.worldbank.org/en/projects-operations/project-detail/P178774,['CF'],,9,70000000!$!CF,Y,IBRD/IDA,"70,000,000",0,"70,000,000",Active,L,[],nil,nil,nil,nil,nil,nil,nil,nil,nil,nil,nil,nil,nil,8/31/2029 12:00:00 AM,nil,nil
100,0,1,22720,275,0,275,P181050,Eastern and Southern Africa,['Republic of Rwanda'],PE,Program-for-Results Financing,PR,N,Active,Priority Skills for Growth and Youth Empowerment,September,"275,000,000",nil,nil,['RW'],Rwanda,2024-09-12 00:00:00.0,,0,!$!0,"275,000,000",2025,['IBRD'],11,"Ruth Karimi Charo,Neelam Ejaz",2024-09-09T00:00:00Z,https://projects.worldbank.org/en/projects-operations/project-detail/P181050,['RW'],,11,1662000000!$!RW,Y,IBRD/IDA,"275,000,000",0,"275,000,000",Active,L,[],nil,nil,nil,nil,nil,nil,nil,nil,nil,nil,nil,nil,nil,6/30/2029 12:00:00 AM,nil,nil
100,0,1,22720,40,0,40,P504278,Europe and Central Asia,['Republic of Moldova'],PE,Investment Project Financing,IN,nil,Active,Strengthening Moldova's Disaster Risk Management and Resilience Project,September,"40,000,000",nil,nil,['MD'],Moldova,2024-09-10 00:00:00.0,,0,!$!0,"40,000,000",2025,['IBRD'],7,"Axel E. N. Baeumler,Guillermo A. Siercke",2024-09-05T00:00:00Z,https://projects.worldbank.org/en/projects-operations/project-detail/P504278,['MD'],,7,0!$!MD,Y,IBRD/IDA,"40,000,000",0,"40,000,000",Active,L,[],nil,nil,nil,nil,nil,nil,nil,nil,nil,nil,nil,nil,nil,9/30/2029 12:00:00 AM,nil,nil
100,0,1,22720,70,0,70,P181549,Eastern and Southern Africa,['Republic of South Sudan'],PE,Investment Project Financing,IN,Y,Active,Productive Safety Net for Socioeconomic Opportunities Project Additional Financing,September,"70,000,000",Republic of South Sudan,"Ministry of Gender, Child and Social Welfare, Ministry of Agriculture and Food Security",['SS'],South Sudan,2024-09-06 00:00:00.0,,0,!$!0,"70,000,000",2025,['IBRD'],4,"Makda Getachew Abebe,Andrea Vermehren,Erina Iwami",2024-09-03T00:00:00Z,https://projects.worldbank.org/en/projects-operations/project-detail/P181549,['SS'],,4,70000000!$!SS,Y,IBRD/IDA,"70,000,000",0,"55,000,000",Active,L,[],nil,nil,nil,nil,nil,nil,nil,nil,nil,nil,nil,nil,nil,nil,nil,nil
100,0,1,22720,0,0,0,P500500,Eastern and Southern Africa,['Republic of South Sudan'],PE,Investment Project Financing,IN,nil,Active,Building Institutional Foundations for an Effective Public Service Project,September,0,nil,nil,['SS'],South Sudan,2024-09-06 00:00:00.0,,0,!$!0,0,2025,['IBRD'],5,"David Santos Ruano,Lucy Anyango Musira",2024-09-03T00:00:00Z,https://projects.worldbank.org/en/projects-operations/project-detail/P500500,['SS'],,5,0!$!SS,Y,IBRD/IDA,0,0,0,Active,L,[],nil,nil,nil,nil,nil,nil,nil,nil,nil,nil,nil,nil,nil,6/30/2027 12:00:00 AM,nil,nil
100,0,1,22720,22,0,22,P504171,Europe and Central Asia,['Ukraine'],PE,Program-for-Results Financing,PR,nil,Active,Lifting Education Access and Resilience in times of Need in Ukraine Program,August,"22,000,000",nil,nil,['UA'],Ukraine,2024-09-02 00:00:00.0,,0,!$!0,"22,000,000",2025,['IBRD'],4,Enrique O. Alasino Massetti,2024-08-30T00:00:00Z,https://projects.worldbank.org/en/projects-operations/project-detail/P504171,['UA'],,4,0!$!UA,Y,IBRD/IDA,"22,000,000",0,"22,000,000",Active,L,[],nil,nil,nil,nil,nil,nil,nil,nil,nil,nil,nil,nil,nil,9/1/2027 12:00:00 AM,nil,nil
100,0,1,22720,120,80,40,P502591,East Asia and Pacific,['Pacific Islands'],PE,Investment Project Financing,IN,nil,Active,Pacific Strengthening Correspondent Banking Relationships Project,August,"120,000,000",nil,nil,['4P'],Pacific Islands,2024-09-02 00:00:00.0,,0,!$!0,"120,000,000",2025,['IBRD'],7,"Julian Casal,Katia D'Hulster,Uzma Khalil",2024-08-29T00:00:00Z,https://projects.worldbank.org/en/projects-operations/project-detail/P502591,['4P'],,7,0!$!4P,Y,IBRD/IDA,"40,000,000","80,000,000","120,000,000",Active,L,[],nil,nil,nil,nil,nil,nil,nil,nil,nil,nil,nil,nil,nil,9/30/2030 12:00:00 AM,nil,nil
100,0,1,22720,110,110,0,P181501,Latin America and Caribbean,['Federative Republic of Brazil'],PE,Development Policy Lending,AD,N,Active,BR Enhancing Prosperity and Sustainability in the State of Sergipe Development Policy Financing,August,"110,000,000",State of Sergipe,State Secretariate of Finance,['BR'],Brazil,2024-08-30 00:00:00.0,,0,!$!0,"110,000,000",2025,['IBRD'],10,"Cornelius Fleischhaker,Luigi Butron Calderon",2024-08-27T00:00:00Z,https://projects.worldbank.org/en/projects-operations/project-detail/P181501,['BR'],,10,0!$!BR,Y,IBRD/IDA,0,"110,000,000","110,000,000",Active,L,[],nil,nil,nil,nil,nil,nil,nil,nil,nil,nil,nil,nil,nil,12/31/2026 12:00:00 AM,nil,nil
100,0,1,22720,0,0,0,P500390,Middle East and North Africa,['Lebanese Republic'],PE,Investment Project Financing,IN,nil,Active,CWRM in Lebanon,August,0,nil,nil,['LB'],Lebanon,2024-08-30 00:00:00.0,,0,!$!0,0,2025,['IBRD'],5,Andrea Kutter,2024-08-27T00:00:00Z,https://projects.worldbank.org/en/projects-operations/project-detail/P500390,['LB'],,5,nil,Y,IBRD/IDA,0,0,0,Active,L,[],nil,nil,nil,nil,nil,nil,nil,nil,nil,nil,nil,nil,nil,nil,nil,nil
100,0,1,22720,5.6,0,5.6,P506127,Middle East and North Africa,['Lebanese Republic'],PE,Investment Project Financing,IN,nil,Active,Support for Social Recovery Needs of Vulnerable Groups Phase II,August,"5,600,000",nil,nil,['LB'],Lebanon,2024-08-30 00:00:00.0,,0,!$!0,"5,600,000",2025,['IBRD'],11,"Marcelo Jorge Fabre,Jeremy Mark Tomlinson",2024-08-27T00:00:00Z,https://projects.worldbank.org/en/projects-operations/project-detail/P506127,['LB'],,11,0!$!LB,Y,IBRD/IDA,"5,600,000",0,"5,600,000",Active,L,[],nil,nil,nil,nil,nil,nil,nil,nil,nil,nil,nil,nil,nil,6/30/2026 12:00:00 AM,nil,nil
100,0,1,22720,65,65,0,P179703,Europe and Central Asia,['Republic of Serbia'],PE,Investment Project Financing,IN,N,Active,Serbia Railway Sector Modernization Phase 2,August,"65,000,000",Republic of Serbia,"Serbia Voz, Serbia Railways Infrastructure, Ministry of Construction, Transport and Infrastructure, Railways Directorate, Serbia Cargo",['YF'],Serbia,2024-08-14 00:00:00.0,,0,!$!0,"65,000,000",2025,['IBRD'],2,Daniel Pulido,2024-08-13T00:00:00Z,https://projects.worldbank.org/en/projects-operations/project-detail/P179703,['YF'],,2,130000000!$!YF,Y,IBRD/IDA,0,"65,000,000","100,000,000",Active,L,[],nil,nil,nil,nil,nil,nil,nil,nil,nil,nil,nil,nil,nil,6/30/2029 12:00:00 AM,nil,nil
100,0,1,22720,55,55,0,P179923,Latin America and Caribbean,['Republic of Peru'],PE,Investment Project Financing,IN,N,Active,Improving MIDIS’s Information Services within the National Targeting System (SINAFO) at the National Level Project,August,"55,000,000","Ministerio de Economia y Finanzas (Ministry of Economy and Finance, MEF)","Direccion General de Focalizacion (General Targeting Directorate, DGFIS) - MIDIS",['PE'],Peru,2024-08-12 00:00:00.0,,0,!$!0,"55,000,000",2025,['IBRD'],10,"Ursula Milagros Martinez Angulo,Sara Francesca Giannozzi",2024-08-09T00:00:00Z,https://projects.worldbank.org/en/projects-operations/project-detail/P179923,['PE'],,10,50000000!$!PE,Y,IBRD/IDA,0,"55,000,000","50,000,000",Active,L,[],nil,nil,nil,nil,nil,nil,nil,nil,nil,nil,nil,nil,nil,12/31/2029 12:00:00 AM,nil,nil
100,0,1,22720,500,500,0,P180554,Latin America and Caribbean,['Republic of Peru'],PE,Development Policy Lending,AD,N,Active,Peru First Fiscal Policy and Sustainable Growth DPF-DDO,August,"500,000,000",nil,nil,['PE'],Peru,2024-08-12 00:00:00.0,,0,!$!0,"500,000,000",2025,['IBRD'],10,"Bledi Celiku,Thomas Edward Haven",2024-08-09T00:00:00Z,https://projects.worldbank.org/en/projects-operations/project-detail/P180554,['PE'],,10,0!$!PE,Y,IBRD/IDA,0,"500,000,000","500,000,000",Active,L,[],nil,nil,nil,nil,nil,nil,nil,nil,nil,nil,nil,nil,nil,11/1/2027 12:00:00 AM,nil,nil
100,0,1,22720,155,0,155,P181702,Western and Central Africa,['Republic of Ghana'],PE,Investment Project Financing,IN,Y,Active,Second Additional Financing to GAMA Sanitation and Water Project,August,"155,000,000",Republic of Ghana,"GWCL /PIU, Ministry of Sanitation and Water Resources",['GH'],Ghana,2024-08-21 00:00:00.0,,0,!$!0,"155,000,000",2025,['IBRD'],10,"Harold Esseku,Yitbarek Tessema Mammo",2024-08-08T00:00:00Z,https://projects.worldbank.org/en/projects-operations/project-detail/P181702,['GH'],,10,30000000!$!GH,Y,IBRD/IDA,"155,000,000",0,"155,000,000",Active,L,[],nil,nil,nil,nil,nil,nil,nil,nil,nil,nil,nil,nil,nil,nil,['GH'],['Ghana']
100,0,1,22720,25,0,25,P180909,Europe and Central Asia,['Kyrgyz Republic'],PE,Investment Project Financing,IN,N,Active,National Community Initiatives Project,July,"25,000,000",nil,nil,['KG'],Kyrgyz Republic,2024-08-02 00:00:00.0,,0,!$!0,"25,000,000",2024,['IBRD'],11,"Christopher Martin Finch,Damira Temirbaeva,Luiza A. Nora",2024-07-31T00:00:00Z,https://projects.worldbank.org/en/projects-operations/project-detail/P180909,['KG'],,11,25000000!$!KG,Y,IBRD/IDA,"25,000,000",0,"25,000,000",Active,L,[],nil,nil,nil,nil,nil,nil,nil,nil,nil,nil,nil,nil,nil,7/31/2029 12:00:00 AM,nil,nil
